{"bounds":{"min":[3.4028234663852887e38,3.4028234663852887e38,3.4028234663852887e38],"max":[-3.4028234663852887e38,-3.4028234663852887e38,-3.4028234663852887e38]},"projection":"","sources":[]}